"V1","V2","V3","V4","V5","V6","V7","V8","V9","V10","V11","V12","V13","V14","V15","V16","V17","V18","V19","V20","V21","V22","V23","V24","V25","V26","V27","V28","V29","V30","V31","V32","V33","V34","V35","V36","V37","V38","V39","V40","V41","V42","V43","V44","V45","V46","V47","V48","V49","V50","V51","V52","V53","V54","V55","V56","V57","V58","V59","V60","V61","V62","V63","V64","V65","V66","V67","V68","V69","V70","V71","V72","V73","V74","V75","V76","V77","V78","V79","V80","V81","V82","V83","V84","V85","V86","V87","V88","V89","V90","V91","V92","V93","V94","V95","V96","V97","V98","V99","V100","V101","V102","V103","V104","V105","V106","V107","V108","V109","V110","V111","V112","V113","V114","V115","V116","V117","V118","V119","V120","V121","V122","V123","V124","V125","V126","V127","V128","V129","V130","V131","V132","V133","V134","V135","V136","V137","V138","V139","V140","V141","V142","V143","V144","V145","V146","V147","V148","V149","V150","V151","V152","V153","V154","V155"
108,101,107,NA,100,87,80,NA,38,50,NA,NA,50,NA,54,40,NA,NA,NA,NA,NA,NA,47,NA,NA,59,50,NA,NA,NA,69,128,NA,47,53,NA,NA,NA,62,55,NA,54,59,NA,NA,61,63,65,NA,71,74,72,76,NA,74,NA,NA,76,NA,NA,NA,76,74,NA,NA,66,62,62,61,NA,NA,57,59,NA,NA,43,NA,NA,NA,76,NA,102,NA,NA,NA,NA,43,NA,30,105,NA,NA,NA,190,NA,156,98,107,140,NA,NA,75,NA,NA,NA,NA,41,45,45,NA,48,NA,NA,48,NA,42,44,52,58,54,NA,34,NA,NA,NA,43,48,63,74,68,75,NA,NA,NA,84,109,NA,NA,65,NA,44,NA,NA,42,NA,49,72,74,NA,NA,NA,95,NA,105,142
NA,NA,106,106,103,92,91,NA,NA,NA,NA,79,70,NA,45,NA,NA,NA,37,40,41,48,NA,53,NA,NA,49,NA,69,54,47,NA,124,49,NA,NA,NA,68,NA,66,59,63,60,55,NA,NA,NA,NA,NA,NA,NA,55,NA,NA,NA,43,47,57,45,46,NA,46,49,46,NA,NA,48,NA,NA,45,NA,NA,50,56,53,NA,NA,61,62,58,NA,39,49,NA,NA,59,44,NA,46,27,NA,168,NA,185,186,NA,NA,NA,NA,NA,132,NA,142,93,45,22,NA,38,48,43,51,51,NA,43,NA,NA,NA,49,NA,NA,NA,43,NA,NA,33,NA,92,116,NA,NA,57,NA,40,NA,68,102,NA,NA,45,56,83,50,NA,39,48,41,NA,61,69,NA,57,NA,NA,NA,101
118,117,NA,111,114,100,NA,NA,45,NA,NA,80,78,NA,60,NA,41,43,43,NA,NA,43,NA,NA,46,NA,48,47,52,59,58,98,121,52,NA,NA,NA,NA,71,84,102,100,NA,80,72,65,61,NA,NA,55,54,NA,NA,51,49,50,50,52,NA,48,50,53,48,NA,NA,54,43,50,NA,53,NA,50,NA,NA,53,NA,NA,42,NA,NA,45,NA,52,51,55,45,NA,NA,NA,42,33,NA,128,NA,NA,136,146,156,118,NA,113,NA,125,151,157,104,NA,37,NA,NA,45,51,50,44,NA,51,54,NA,NA,41,44,NA,NA,34,NA,NA,113,68,NA,NA,NA,NA,38,NA,51,53,NA,95,61,NA,NA,74,NA,NA,NA,49,NA,55,NA,NA,88,NA,109,59,71
119,NA,NA,115,112,114,NA,85,68,30,NA,NA,80,71,73,NA,55,NA,NA,40,46,NA,39,36,NA,NA,50,53,NA,42,90,NA,85,NA,61,NA,NA,57,47,NA,49,NA,NA,NA,NA,50,NA,NA,58,49,NA,NA,NA,NA,49,51,NA,57,55,NA,49,NA,47,59,NA,47,NA,58,59,54,51,NA,52,59,55,48,41,NA,47,48,46,38,39,NA,NA,48,48,NA,53,NA,35,NA,22,101,NA,185,147,NA,203,NA,NA,NA,NA,NA,120,NA,163,NA,43,NA,NA,NA,NA,NA,NA,39,48,NA,NA,53,56,55,NA,71,NA,NA,35,NA,36,53,NA,59,NA,44,35,NA,44,NA,61,69,52,NA,NA,49,43,NA,44,47,59,83,67,85,93,NA,NA
NA,NA,NA,115,116,114,108,NA,NA,35,NA,NA,103,80,84,76,82,NA,47,47,NA,NA,42,NA,NA,41,51,NA,NA,71,132,NA,48,NA,57,45,51,53,NA,61,NA,49,NA,NA,51,NA,NA,NA,NA,51,NA,NA,53,NA,NA,45,48,NA,NA,NA,NA,NA,56,NA,63,61,55,NA,46,NA,NA,53,NA,57,NA,44,NA,57,NA,45,NA,NA,58,54,NA,44,49,NA,49,43,41,NA,34,37,NA,186,NA,162,NA,208,194,NA,NA,114,NA,105,NA,NA,162,NA,NA,37,34,NA,NA,38,NA,46,NA,46,NA,47,NA,121,123,NA,43,37,NA,NA,42,NA,NA,43,43,39,40,NA,44,44,56,NA,65,49,51,NA,43,NA,NA,NA,92,NA,NA,57,NA
NA,122,120,NA,118,115,105,NA,81,46,NA,107,NA,NA,NA,75,76,72,67,NA,NA,61,47,NA,42,NA,42,56,NA,NA,61,NA,61,55,62,NA,58,NA,50,NA,NA,48,49,NA,NA,51,NA,53,59,NA,55,51,NA,NA,50,53,48,46,NA,56,55,59,58,58,NA,46,45,NA,46,50,59,60,64,57,NA,NA,63,NA,54,52,53,NA,NA,52,NA,NA,48,62,56,49,NA,47,41,NA,46,NA,NA,NA,216,209,NA,204,NA,187,NA,NA,NA,107,124,164,NA,NA,NA,NA,NA,NA,NA,NA,39,NA,39,NA,NA,NA,68,NA,NA,40,NA,NA,NA,46,51,NA,62,62,54,53,NA,NA,NA,NA,46,48,44,45,50,NA,NA,NA,86,71,62,NA,62
NA,122,NA,119,113,115,115,92,NA,57,NA,NA,106,NA,NA,94,NA,82,NA,68,NA,NA,NA,NA,NA,48,NA,49,NA,NA,54,51,48,50,55,56,NA,NA,NA,NA,57,NA,NA,45,41,NA,44,43,NA,51,46,NA,NA,42,43,NA,NA,NA,58,NA,52,48,NA,48,NA,NA,NA,50,NA,57,58,NA,55,NA,71,60,51,NA,NA,61,NA,NA,54,NA,NA,NA,55,NA,NA,NA,89,45,36,35,NA,NA,62,NA,102,NA,210,206,NA,189,197,NA,150,NA,NA,NA,126,162,149,75,30,29,NA,35,NA,35,NA,51,NA,93,26,43,43,NA,NA,34,38,NA,NA,NA,NA,40,NA,51,60,NA,NA,48,50,48,NA,NA,NA,80,NA,101,99,NA,57,NA,83
124,NA,NA,117,117,113,NA,NA,94,NA,36,59,NA,117,111,NA,105,NA,90,90,82,78,NA,66,NA,47,NA,41,NA,46,NA,NA,NA,58,NA,NA,52,NA,NA,NA,47,NA,NA,NA,NA,54,51,51,NA,51,NA,NA,NA,61,56,59,NA,NA,47,NA,46,NA,NA,51,NA,NA,49,49,NA,62,NA,NA,68,NA,53,NA,62,NA,54,NA,NA,75,65,74,NA,76,NA,67,NA,53,63,NA,NA,35,NA,NA,NA,29,21,50,190,217,206,200,189,NA,199,NA,148,NA,98,NA,134,166,NA,57,NA,NA,NA,41,NA,50,NA,53,37,48,47,42,NA,NA,NA,76,NA,NA,47,41,NA,41,NA,55,59,NA,NA,NA,NA,NA,67,NA,NA,83,102,102,NA,NA,84
NA,NA,116,NA,NA,119,120,NA,94,NA,NA,NA,110,NA,126,NA,117,107,NA,93,82,NA,74,NA,56,NA,49,46,45,NA,NA,NA,NA,58,64,NA,NA,NA,55,NA,53,49,54,NA,52,NA,NA,58,NA,54,NA,NA,57,55,57,53,52,52,45,NA,NA,NA,51,55,NA,NA,50,NA,NA,57,NA,58,NA,60,NA,62,60,59,NA,NA,NA,NA,NA,73,70,NA,NA,60,53,51,NA,NA,47,NA,NA,NA,35,34,42,31,20,NA,228,214,NA,NA,190,174,NA,NA,NA,109,NA,NA,147,161,NA,NA,NA,NA,NA,NA,52,NA,NA,NA,NA,37,NA,NA,NA,NA,NA,NA,NA,107,NA,70,51,49,42,NA,NA,NA,75,57,73,NA,69,69,NA,91,95,NA,NA
127,123,121,123,123,122,120,120,106,102,66,32,68,NA,118,117,119,116,112,NA,103,91,84,NA,73,NA,61,NA,52,NA,NA,46,NA,NA,NA,54,NA,56,52,NA,69,65,69,NA,80,61,66,NA,NA,64,66,61,62,NA,54,NA,NA,46,NA,51,50,49,41,NA,48,NA,55,53,NA,NA,60,NA,66,NA,NA,NA,73,NA,NA,NA,NA,NA,NA,57,48,45,51,51,52,49,43,48,NA,NA,44,NA,41,40,NA,NA,NA,NA,NA,NA,NA,187,186,NA,188,NA,NA,NA,154,115,NA,99,154,NA,NA,38,NA,NA,NA,NA,46,38,NA,38,75,NA,39,NA,NA,NA,33,31,NA,64,NA,NA,NA,55,78,65,NA,76,NA,NA,NA,NA,51,55,NA,NA,78
125,121,NA,NA,NA,124,NA,NA,NA,NA,NA,NA,NA,NA,118,117,NA,114,NA,NA,117,113,105,94,83,NA,NA,NA,NA,66,NA,NA,49,46,51,NA,49,49,NA,65,55,59,NA,77,NA,62,74,73,NA,NA,62,NA,70,56,50,NA,53,55,NA,44,47,48,NA,51,NA,NA,59,NA,NA,63,NA,63,68,NA,NA,NA,NA,56,NA,37,37,48,41,46,48,NA,NA,48,46,40,NA,43,NA,39,44,NA,40,NA,NA,NA,NA,NA,26,NA,126,NA,204,NA,193,192,183,175,NA,197,NA,NA,77,NA,NA,NA,NA,NA,NA,NA,NA,NA,NA,50,127,111,88,73,NA,NA,NA,NA,89,NA,NA,NA,68,65,58,NA,85,NA,NA,NA,43,58,53,NA,NA,NA,NA
NA,NA,131,NA,124,125,122,NA,NA,107,102,63,NA,NA,118,NA,121,119,115,113,119,116,117,112,NA,NA,NA,83,NA,79,NA,69,56,47,48,NA,49,52,60,48,NA,47,46,NA,50,59,NA,53,55,48,NA,NA,NA,54,48,50,50,56,49,53,NA,54,NA,NA,NA,56,NA,62,66,NA,68,54,55,NA,44,NA,41,44,NA,36,NA,NA,NA,38,43,34,43,50,NA,36,NA,NA,33,NA,34,NA,43,33,34,35,32,NA,36,31,32,NA,NA,224,NA,187,192,NA,NA,NA,169,NA,NA,110,80,115,131,106,NA,23,NA,37,43,NA,NA,27,60,90,113,NA,111,NA,43,NA,37,36,53,NA,60,NA,NA,NA,NA,60,NA,51,NA,39,43,63,74
125,127,NA,125,NA,NA,NA,120,NA,113,100,96,36,29,65,NA,121,NA,NA,119,121,123,NA,113,NA,NA,106,NA,NA,NA,NA,76,71,75,NA,NA,49,NA,NA,44,44,NA,NA,57,53,NA,NA,NA,60,NA,54,NA,53,48,NA,47,NA,58,NA,NA,NA,52,53,58,50,NA,58,56,NA,50,52,NA,NA,NA,51,NA,51,NA,41,NA,40,NA,NA,NA,NA,NA,NA,NA,71,74,66,NA,65,66,72,NA,65,66,NA,54,60,52,51,47,44,NA,NA,NA,224,207,193,189,183,173,167,NA,192,NA,152,83,NA,157,NA,NA,NA,24,51,NA,NA,96,NA,NA,38,NA,56,NA,43,NA,NA,66,47,NA,67,56,NA,42,43,NA,NA,NA,39,38,NA,NA,NA
NA,123,NA,120,NA,NA,NA,NA,NA,NA,NA,NA,75,38,28,NA,NA,126,118,NA,NA,NA,117,118,NA,NA,114,NA,NA,NA,89,86,84,NA,71,68,69,NA,51,44,47,60,50,52,66,50,NA,50,60,NA,NA,NA,NA,NA,53,49,NA,48,55,NA,54,60,59,NA,NA,54,NA,51,NA,NA,NA,54,NA,71,NA,69,NA,NA,105,NA,NA,NA,NA,111,NA,111,NA,NA,NA,128,NA,120,119,NA,NA,NA,NA,109,99,NA,NA,NA,69,NA,55,47,39,18,76,NA,NA,NA,191,NA,177,NA,NA,NA,189,NA,131,81,NA,NA,145,NA,18,NA,NA,46,70,78,NA,34,NA,NA,38,74,NA,NA,71,97,88,NA,NA,84,83,87,73,62,47,NA,49,NA,60
NA,NA,NA,127,129,128,124,NA,NA,NA,NA,109,NA,NA,NA,NA,70,NA,NA,NA,NA,NA,114,NA,NA,NA,119,NA,107,NA,NA,NA,NA,NA,81,74,67,NA,62,60,NA,NA,NA,NA,NA,40,NA,NA,NA,NA,48,47,54,NA,NA,55,45,53,NA,55,NA,65,NA,NA,NA,55,NA,49,NA,NA,66,74,NA,74,74,NA,NA,63,66,NA,76,79,NA,NA,97,NA,106,NA,98,94,100,NA,NA,81,NA,79,NA,55,NA,NA,NA,46,51,50,NA,NA,53,NA,NA,NA,179,NA,NA,190,178,NA,174,NA,NA,NA,NA,NA,105,82,140,176,NA,NA,NA,NA,34,42,NA,NA,NA,NA,NA,NA,67,NA,NA,NA,55,65,60,NA,NA,38,NA,NA,NA,NA,NA,NA,45
128,128,124,125,130,NA,NA,NA,127,128,NA,117,NA,89,NA,46,NA,57,NA,124,NA,118,NA,124,NA,124,121,121,NA,123,123,123,NA,NA,NA,101,90,79,NA,NA,NA,56,NA,60,NA,62,NA,62,NA,NA,NA,NA,56,NA,NA,NA,NA,NA,62,62,NA,NA,NA,NA,56,NA,NA,NA,66,58,NA,60,68,NA,NA,86,86,NA,NA,99,100,NA,NA,108,113,NA,89,NA,79,77,77,72,79,NA,NA,NA,NA,72,NA,NA,67,NA,NA,68,66,73,64,61,59,NA,37,145,219,NA,196,NA,186,181,179,NA,NA,192,NA,NA,NA,112,NA,NA,83,NA,NA,NA,NA,33,69,143,NA,NA,NA,69,NA,NA,NA,51,33,34,56,83,NA,NA,NA,138,135,NA,NA
127,NA,126,NA,NA,NA,NA,NA,NA,122,120,NA,114,106,NA,63,NA,NA,48,NA,NA,NA,NA,127,126,130,NA,NA,119,127,122,NA,NA,126,NA,NA,NA,106,82,91,80,NA,51,NA,56,69,70,NA,NA,NA,NA,62,NA,57,63,NA,NA,65,NA,51,55,63,67,58,63,NA,NA,58,57,62,NA,90,85,NA,75,NA,NA,81,NA,NA,NA,76,NA,78,NA,94,99,NA,98,95,NA,NA,98,93,NA,85,82,NA,88,NA,NA,NA,NA,91,93,95,91,94,80,NA,72,45,NA,216,NA,NA,195,NA,NA,177,NA,168,163,NA,197,127,NA,NA,NA,NA,57,22,NA,NA,33,NA,NA,NA,NA,NA,75,47,50,55,NA,NA,NA,114,NA,56,38,NA,NA,NA,NA
NA,130,NA,130,132,126,133,125,NA,NA,125,NA,123,123,NA,90,56,42,35,33,74,NA,123,NA,123,122,NA,NA,127,NA,127,NA,122,125,127,127,119,NA,109,NA,106,NA,91,83,64,NA,62,62,NA,58,NA,NA,NA,64,NA,NA,NA,NA,54,NA,NA,63,64,59,NA,62,NA,NA,75,72,NA,61,56,NA,59,NA,67,NA,76,71,NA,87,93,96,NA,107,112,NA,109,NA,111,104,NA,NA,NA,NA,92,96,96,NA,NA,101,NA,NA,109,112,109,105,97,95,90,86,NA,94,NA,NA,NA,NA,NA,NA,NA,179,172,163,175,206,170,104,NA,NA,NA,NA,NA,NA,46,25,NA,NA,37,NA,44,NA,NA,61,86,124,NA,104,NA,56,38,NA,32,33,45
NA,NA,133,NA,NA,NA,130,130,127,124,NA,123,124,125,NA,NA,96,NA,NA,37,NA,NA,93,117,126,124,124,NA,129,131,128,NA,127,124,NA,127,125,NA,113,NA,109,NA,100,NA,NA,99,NA,NA,NA,78,NA,61,NA,NA,77,60,59,NA,64,NA,58,NA,NA,61,NA,NA,64,53,NA,NA,NA,62,NA,NA,71,83,NA,91,92,98,100,NA,NA,NA,111,NA,113,117,115,115,113,NA,NA,112,114,112,NA,106,NA,112,NA,NA,112,NA,NA,115,NA,NA,NA,NA,109,NA,NA,74,89,203,200,201,NA,NA,177,186,181,174,165,NA,NA,NA,NA,90,NA,NA,122,39,28,28,NA,27,41,93,65,110,150,160,NA,NA,NA,58,57,NA,49,45,38,40,34
127,NA,130,NA,128,NA,NA,127,NA,NA,135,127,129,125,NA,NA,122,NA,90,NA,45,37,NA,NA,92,111,123,123,129,NA,130,128,130,123,NA,122,126,124,123,106,NA,112,NA,NA,120,122,116,112,103,NA,NA,NA,85,NA,58,57,NA,52,NA,NA,NA,60,NA,NA,51,51,47,54,NA,63,NA,NA,69,77,89,NA,93,100,NA,108,NA,114,114,113,NA,NA,NA,NA,121,NA,118,NA,NA,NA,115,117,116,NA,119,116,NA,116,116,NA,118,NA,NA,NA,NA,117,NA,NA,111,NA,NA,NA,NA,NA,199,202,NA,184,NA,NA,176,NA,164,175,198,150,85,98,163,NA,NA,NA,NA,NA,158,NA,135,104,67,55,103,NA,NA,NA,NA,79,NA,48,41,39,NA
127,131,NA,NA,132,NA,NA,129,125,NA,131,132,128,NA,129,NA,NA,NA,114,97,90,NA,NA,NA,50,NA,NA,NA,113,121,NA,131,125,NA,127,118,122,NA,NA,126,106,94,NA,NA,NA,NA,119,112,106,NA,NA,NA,NA,59,NA,56,NA,60,48,49,NA,NA,58,61,NA,69,75,79,NA,71,NA,NA,NA,96,NA,103,NA,115,NA,NA,NA,NA,NA,126,124,120,NA,125,NA,NA,121,NA,NA,121,NA,127,NA,119,NA,132,NA,122,NA,NA,NA,NA,NA,123,NA,NA,125,NA,112,NA,NA,NA,88,NA,197,NA,204,202,184,NA,NA,NA,171,NA,166,199,168,96,NA,NA,153,NA,114,NA,59,75,32,NA,37,NA,NA,NA,NA,44,NA,39,NA,72,NA,NA,51
132,NA,NA,132,NA,128,NA,131,NA,NA,130,132,133,NA,NA,NA,127,NA,NA,121,NA,95,88,NA,NA,NA,43,NA,NA,79,NA,94,NA,NA,120,114,124,121,NA,122,119,103,NA,NA,111,104,104,89,NA,60,54,NA,NA,NA,NA,53,50,47,NA,NA,52,59,NA,NA,NA,75,NA,NA,NA,67,NA,NA,98,102,NA,NA,115,NA,NA,NA,NA,125,NA,NA,NA,127,127,125,124,NA,126,NA,123,NA,128,NA,NA,126,NA,NA,NA,NA,NA,127,NA,130,124,127,NA,NA,125,125,NA,122,NA,113,NA,NA,194,NA,NA,NA,208,NA,193,192,184,179,NA,NA,NA,186,115,78,NA,147,129,NA,20,24,30,39,36,NA,109,40,47,NA,46,49,51,73,NA,106,NA
130,132,NA,129,129,131,NA,125,NA,129,NA,134,132,128,NA,139,NA,132,130,135,NA,122,103,93,92,95,NA,NA,53,46,NA,NA,66,NA,63,NA,80,NA,NA,88,NA,NA,NA,64,67,61,50,NA,53,NA,NA,NA,NA,NA,48,46,NA,57,NA,NA,70,NA,NA,NA,NA,NA,NA,47,68,91,NA,96,109,NA,112,NA,NA,NA,NA,130,NA,NA,NA,NA,NA,NA,126,NA,126,125,126,NA,124,127,NA,NA,NA,129,132,128,131,NA,NA,131,136,130,124,130,NA,128,127,132,NA,NA,130,127,118,NA,102,202,NA,201,NA,202,NA,NA,199,NA,178,175,169,NA,205,143,85,111,NA,NA,54,NA,32,35,NA,46,58,46,54,45,46,52,NA,NA,NA,73,NA
NA,NA,NA,131,NA,NA,129,133,NA,NA,NA,NA,137,136,136,133,136,NA,135,NA,NA,NA,NA,NA,NA,NA,96,NA,NA,NA,NA,NA,NA,44,39,38,40,NA,36,NA,42,42,NA,36,NA,39,42,40,43,NA,NA,53,NA,59,58,71,NA,81,76,73,NA,NA,77,64,48,45,48,NA,82,88,NA,NA,106,NA,NA,NA,NA,126,128,NA,NA,NA,128,NA,127,NA,126,130,122,128,127,NA,129,NA,NA,127,NA,NA,130,130,129,134,NA,131,NA,NA,NA,NA,NA,NA,NA,137,132,138,132,NA,131,124,NA,102,200,204,194,196,NA,NA,204,NA,NA,182,178,NA,170,197,155,NA,114,152,NA,72,26,NA,NA,NA,NA,NA,45,49,NA,47,59,49,NA,49,NA
130,NA,NA,NA,NA,NA,134,135,NA,NA,134,NA,NA,NA,NA,135,133,NA,NA,NA,NA,136,130,NA,132,126,NA,NA,102,NA,101,96,NA,92,91,NA,83,NA,61,50,NA,51,NA,NA,53,63,59,69,NA,79,89,86,82,NA,NA,NA,NA,86,NA,83,77,NA,NA,NA,NA,NA,57,84,94,100,NA,102,101,114,NA,118,117,NA,124,127,125,131,130,NA,130,NA,125,132,127,NA,133,NA,NA,127,130,NA,133,NA,NA,135,130,133,NA,140,NA,NA,141,137,NA,140,NA,NA,NA,NA,NA,136,129,NA,NA,106,NA,195,206,NA,NA,NA,196,NA,201,194,182,NA,NA,NA,NA,166,112,NA,NA,167,NA,NA,NA,NA,NA,44,NA,49,48,56,NA,NA,NA,NA,NA
134,NA,NA,131,137,135,NA,NA,NA,136,NA,NA,134,NA,NA,135,133,137,137,138,135,NA,132,NA,NA,NA,NA,NA,NA,114,107,NA,NA,101,NA,NA,94,89,96,97,94,NA,NA,83,NA,NA,87,81,NA,NA,NA,93,NA,98,NA,91,94,89,NA,83,80,NA,58,NA,42,49,73,NA,95,NA,NA,NA,112,NA,114,NA,NA,123,123,NA,127,NA,NA,NA,129,125,132,131,132,NA,NA,131,130,NA,133,NA,133,137,NA,138,138,135,143,NA,141,NA,142,NA,NA,145,144,NA,150,150,NA,NA,NA,NA,NA,NA,100,78,176,204,189,NA,180,NA,NA,200,198,NA,NA,NA,NA,181,NA,NA,109,133,177,102,26,29,33,37,NA,58,NA,46,93,66,NA,49,50
132,134,136,NA,132,NA,138,NA,140,139,NA,137,141,NA,NA,138,137,NA,135,NA,NA,NA,NA,133,NA,137,NA,129,NA,132,134,126,NA,117,107,107,110,NA,108,103,97,102,NA,NA,NA,107,NA,121,124,117,113,NA,NA,105,105,113,NA,NA,105,NA,NA,NA,NA,NA,NA,67,NA,NA,NA,107,109,104,NA,NA,119,123,NA,125,126,125,NA,133,NA,134,NA,NA,132,NA,134,133,134,137,NA,NA,NA,134,NA,131,NA,NA,136,NA,140,NA,146,147,150,NA,151,NA,152,NA,153,NA,NA,NA,NA,124,NA,132,120,99,NA,NA,201,NA,171,162,155,169,189,NA,NA,NA,164,154,NA,NA,NA,112,132,177,NA,31,NA,32,NA,NA,NA,59,99,NA,48,NA,NA
135,142,NA,NA,NA,137,134,NA,NA,NA,NA,138,NA,NA,139,NA,NA,138,NA,136,NA,NA,136,NA,135,132,136,NA,NA,131,132,134,128,124,127,127,NA,NA,115,NA,118,123,122,NA,121,105,123,124,122,116,115,116,117,112,NA,NA,NA,119,115,NA,NA,NA,50,50,NA,NA,94,NA,108,NA,112,116,118,120,120,NA,125,NA,NA,130,129,133,141,NA,NA,137,NA,142,NA,134,136,NA,137,137,NA,NA,141,138,NA,141,NA,143,148,149,NA,148,153,NA,NA,NA,NA,157,154,153,146,NA,139,NA,NA,NA,NA,NA,NA,NA,NA,210,181,165,NA,145,NA,159,168,NA,167,NA,NA,NA,187,NA,NA,NA,181,NA,NA,NA,NA,45,NA,NA,NA,48,57,70,NA
NA,NA,NA,NA,134,136,NA,NA,NA,141,132,NA,NA,NA,139,141,137,135,138,NA,NA,NA,136,137,140,NA,NA,138,NA,131,NA,NA,129,126,NA,125,124,NA,131,131,127,NA,NA,NA,121,111,100,NA,NA,116,116,NA,NA,NA,NA,120,124,126,NA,112,115,NA,NA,55,75,NA,NA,NA,111,112,NA,116,118,125,128,122,128,127,NA,131,133,133,136,NA,135,134,137,NA,139,134,NA,142,NA,NA,NA,144,146,143,NA,NA,148,148,NA,150,148,NA,154,NA,157,159,156,158,154,NA,NA,NA,143,148,NA,NA,NA,63,NA,NA,NA,156,NA,NA,174,162,151,NA,152,NA,NA,160,158,NA,168,NA,150,100,NA,NA,NA,48,33,NA,39,48,NA,NA,49,NA,115
NA,134,136,138,138,135,132,134,141,136,137,139,NA,136,NA,NA,NA,NA,NA,139,136,NA,NA,137,136,139,NA,NA,141,NA,NA,NA,NA,NA,131,NA,128,131,132,131,134,130,NA,NA,126,128,111,111,NA,122,123,118,NA,114,NA,120,122,128,NA,123,113,NA,54,NA,82,NA,NA,NA,115,NA,123,121,120,NA,NA,125,NA,132,136,NA,131,136,137,140,139,142,NA,NA,140,NA,NA,144,146,NA,NA,143,NA,NA,NA,143,153,150,NA,153,NA,NA,NA,NA,NA,161,161,NA,NA,151,NA,NA,NA,NA,NA,NA,82,48,NA,68,NA,55,168,NA,NA,178,NA,154,149,NA,NA,NA,NA,176,NA,NA,NA,NA,106,NA,164,134,NA,35,NA,47,62,32,40,47,62
137,NA,NA,NA,136,NA,NA,NA,138,139,143,NA,NA,NA,139,NA,136,137,NA,139,139,NA,NA,140,139,135,142,140,NA,138,NA,135,NA,NA,135,132,128,131,132,127,130,130,131,134,133,135,NA,NA,NA,131,127,NA,119,122,NA,NA,NA,128,129,126,116,81,60,NA,NA,106,113,NA,124,NA,NA,NA,127,132,131,NA,NA,NA,135,NA,NA,NA,137,144,NA,NA,143,NA,144,NA,143,145,NA,NA,NA,NA,143,NA,NA,NA,NA,NA,NA,NA,NA,161,162,166,NA,167,171,NA,162,152,143,NA,145,138,118,93,56,45,45,53,65,NA,NA,181,203,190,189,NA,NA,NA,170,NA,180,NA,177,179,166,184,NA,105,NA,NA,NA,NA,NA,NA,120,NA,86,63,96
NA,NA,133,NA,NA,NA,NA,NA,136,141,140,144,140,134,NA,NA,142,NA,NA,NA,141,NA,143,140,NA,NA,NA,140,139,139,138,NA,133,NA,130,NA,NA,140,133,NA,131,NA,124,NA,NA,NA,138,NA,104,121,125,128,NA,124,NA,NA,126,123,130,132,130,80,NA,NA,NA,117,122,NA,129,NA,NA,130,128,NA,126,NA,133,NA,135,140,141,NA,140,NA,NA,NA,140,138,143,NA,143,NA,NA,154,NA,145,NA,NA,NA,150,153,NA,NA,158,157,NA,NA,NA,172,171,161,163,161,155,NA,147,NA,130,NA,NA,40,45,39,NA,NA,NA,NA,88,196,NA,188,191,NA,NA,NA,NA,190,192,192,NA,NA,NA,NA,161,NA,100,133,NA,62,60,NA,89,104,NA,103
NA,NA,136,135,NA,140,144,136,137,136,NA,NA,137,142,141,142,NA,NA,NA,NA,NA,142,144,NA,NA,NA,140,NA,140,139,NA,NA,NA,136,134,NA,138,NA,NA,NA,NA,127,130,132,131,129,NA,131,NA,NA,126,NA,NA,126,120,NA,NA,125,121,129,NA,NA,59,96,121,121,NA,NA,129,129,129,129,128,NA,NA,133,NA,138,NA,NA,145,NA,NA,NA,NA,NA,NA,NA,143,NA,NA,149,NA,146,152,152,NA,NA,NA,158,NA,161,159,NA,165,NA,NA,NA,173,NA,NA,166,NA,152,NA,146,NA,105,NA,51,NA,NA,53,48,NA,NA,91,98,110,198,NA,NA,192,NA,NA,189,183,185,186,181,172,165,165,NA,NA,82,67,110,NA,NA,65,NA,NA,NA,73
NA,NA,NA,138,139,139,143,NA,NA,136,139,139,NA,NA,141,NA,140,137,137,NA,140,NA,144,141,143,NA,141,142,138,136,142,139,NA,NA,138,136,137,NA,138,NA,135,NA,137,NA,135,NA,126,NA,NA,NA,NA,NA,125,NA,126,126,124,126,128,131,136,NA,NA,100,NA,NA,NA,133,131,NA,NA,NA,NA,NA,NA,141,144,145,150,143,NA,137,NA,NA,NA,NA,NA,141,147,145,145,149,150,152,150,NA,NA,151,NA,162,164,NA,NA,NA,NA,NA,174,174,NA,NA,171,NA,157,147,152,NA,134,97,100,106,103,111,82,NA,NA,48,NA,114,113,NA,202,197,NA,NA,180,184,NA,188,NA,177,164,165,164,161,183,158,89,83,83,NA,NA,99,43,31,NA
135,NA,NA,135,NA,139,NA,NA,139,NA,NA,139,NA,138,139,NA,NA,142,141,NA,147,145,NA,144,143,145,147,147,141,142,NA,NA,NA,140,NA,NA,NA,NA,135,NA,138,136,135,NA,NA,NA,138,134,133,NA,NA,NA,NA,NA,NA,NA,NA,NA,129,132,136,105,NA,112,120,130,NA,133,NA,NA,NA,NA,132,NA,NA,141,146,148,NA,146,141,NA,135,136,NA,NA,NA,145,141,148,147,142,NA,NA,150,NA,153,NA,157,NA,157,163,169,170,NA,175,180,179,NA,176,176,NA,151,140,NA,134,130,97,118,120,NA,75,NA,49,NA,NA,97,106,132,111,NA,NA,191,189,189,186,185,NA,184,NA,NA,NA,NA,NA,151,NA,118,NA,65,NA,100,NA,NA,NA,81
141,137,139,NA,136,NA,NA,NA,138,NA,145,NA,142,136,139,NA,NA,NA,NA,140,NA,142,NA,NA,NA,NA,NA,139,NA,NA,136,NA,142,NA,NA,136,NA,NA,134,135,NA,NA,NA,133,NA,135,NA,139,133,138,137,128,119,129,132,124,128,NA,129,141,147,NA,85,NA,NA,NA,133,NA,138,NA,135,NA,138,NA,NA,NA,NA,NA,146,145,142,NA,NA,139,NA,NA,142,NA,NA,150,NA,NA,149,NA,NA,NA,154,NA,NA,NA,161,NA,177,NA,NA,NA,178,180,173,NA,NA,166,NA,147,NA,115,101,122,NA,NA,55,NA,NA,46,55,NA,NA,109,NA,138,NA,163,193,NA,179,NA,164,146,144,147,140,NA,133,121,117,146,159,NA,92,NA,121,121,NA,121,NA
137,144,138,138,NA,NA,NA,141,141,141,NA,142,140,141,NA,NA,145,NA,144,NA,NA,139,137,145,NA,142,142,NA,NA,143,137,138,NA,140,NA,139,137,NA,139,NA,139,138,NA,135,NA,138,137,NA,NA,141,NA,NA,NA,NA,NA,130,NA,130,135,136,NA,NA,91,NA,NA,NA,NA,137,137,134,140,NA,NA,139,NA,NA,NA,NA,145,NA,149,142,140,138,139,142,147,154,152,NA,148,152,150,152,NA,155,156,NA,153,NA,169,174,173,NA,178,178,180,NA,167,NA,167,NA,NA,143,140,NA,120,136,NA,NA,80,100,NA,47,NA,NA,NA,115,NA,NA,134,NA,183,183,NA,144,NA,117,138,NA,NA,NA,NA,142,159,NA,NA,NA,109,151,131,160,100,NA,32
NA,141,NA,NA,140,NA,NA,141,NA,142,NA,NA,146,146,144,142,143,NA,NA,NA,141,139,142,144,NA,140,139,137,143,NA,143,NA,139,NA,137,139,139,137,136,NA,140,NA,NA,138,NA,NA,NA,NA,NA,NA,137,136,NA,131,138,NA,133,133,134,NA,NA,110,NA,NA,NA,NA,135,139,NA,NA,136,NA,142,140,NA,NA,151,146,129,NA,NA,135,NA,142,140,148,153,NA,154,156,NA,153,158,154,NA,158,156,160,162,NA,168,NA,NA,178,176,NA,184,175,180,NA,NA,NA,154,142,131,99,NA,NA,119,48,96,50,29,42,45,NA,NA,NA,140,NA,NA,NA,92,186,NA,184,176,NA,NA,164,174,NA,165,188,NA,NA,NA,NA,123,NA,113,133,136,64,23
NA,NA,NA,NA,NA,140,NA,145,NA,NA,144,NA,NA,NA,143,NA,NA,NA,147,142,144,146,145,NA,141,138,NA,137,NA,143,142,134,141,136,NA,NA,NA,NA,NA,NA,NA,138,NA,140,142,NA,137,NA,NA,135,NA,141,NA,137,134,NA,NA,NA,133,137,138,117,113,126,NA,140,NA,139,NA,139,NA,143,NA,NA,NA,144,141,NA,126,90,87,NA,NA,140,NA,150,NA,154,155,NA,149,153,159,NA,152,158,NA,NA,164,NA,NA,170,175,177,NA,183,NA,178,175,176,169,NA,161,144,133,NA,123,NA,144,57,88,64,NA,55,NA,47,NA,115,144,NA,NA,NA,NA,149,NA,NA,196,NA,171,169,NA,NA,162,180,174,NA,NA,NA,NA,NA,112,63,NA,178,NA
140,139,NA,NA,142,NA,NA,142,NA,144,145,142,NA,141,141,143,NA,NA,139,NA,144,NA,NA,139,NA,NA,NA,NA,140,NA,NA,141,NA,141,NA,NA,NA,NA,136,132,136,140,142,142,140,NA,NA,139,NA,136,139,144,139,136,136,NA,NA,NA,NA,NA,NA,NA,NA,NA,141,143,149,144,140,140,NA,NA,NA,NA,140,140,132,129,130,92,NA,133,136,NA,NA,149,152,NA,NA,155,NA,153,NA,157,159,158,NA,166,NA,NA,168,NA,173,NA,175,NA,177,NA,181,171,NA,NA,NA,NA,NA,NA,134,163,192,NA,42,105,NA,NA,43,50,44,NA,101,146,150,NA,NA,109,NA,NA,184,197,NA,189,NA,182,169,168,183,182,NA,172,151,157,NA,120,NA,NA,NA
143,NA,142,138,141,141,NA,145,141,NA,144,NA,NA,NA,NA,NA,NA,NA,144,NA,139,136,NA,NA,142,141,138,NA,NA,137,NA,137,135,NA,NA,138,136,138,136,137,NA,137,141,NA,143,136,138,NA,NA,139,142,NA,NA,140,NA,136,NA,NA,NA,142,144,122,123,135,NA,146,147,142,NA,139,136,NA,142,134,NA,136,NA,125,NA,NA,NA,NA,NA,NA,NA,NA,152,154,159,151,158,NA,NA,158,NA,NA,NA,159,161,168,NA,NA,NA,168,173,170,NA,NA,NA,NA,NA,NA,NA,NA,NA,128,NA,NA,NA,200,114,38,NA,NA,NA,51,55,NA,154,164,136,NA,NA,NA,155,168,NA,NA,NA,202,192,192,194,NA,NA,182,181,178,NA,NA,173,163,NA,111,NA
145,NA,NA,NA,147,NA,146,NA,143,NA,148,142,NA,NA,144,NA,141,139,144,NA,139,141,142,137,141,NA,NA,138,137,132,135,131,134,NA,NA,NA,NA,136,135,138,139,139,NA,141,141,NA,137,144,143,NA,NA,NA,NA,139,137,137,NA,NA,142,NA,141,NA,NA,139,NA,NA,NA,141,143,NA,138,133,NA,135,NA,125,NA,NA,NA,NA,NA,131,NA,145,NA,NA,148,155,NA,NA,158,NA,157,158,NA,NA,NA,NA,NA,NA,167,171,171,171,175,NA,176,NA,NA,169,NA,NA,NA,NA,135,114,NA,NA,NA,207,219,NA,NA,178,NA,NA,79,NA,NA,NA,124,NA,111,NA,NA,NA,158,168,NA,NA,NA,NA,172,186,193,189,183,NA,182,183,NA,NA,194,127,NA
146,144,143,NA,NA,147,NA,148,145,144,NA,NA,144,NA,NA,143,146,NA,NA,NA,NA,138,139,139,142,NA,NA,NA,NA,137,134,133,NA,134,138,NA,NA,NA,NA,NA,NA,NA,NA,NA,142,NA,NA,NA,NA,NA,142,NA,142,144,NA,NA,NA,NA,144,NA,149,NA,138,145,149,149,NA,148,NA,142,NA,136,NA,NA,131,125,128,NA,103,NA,NA,NA,138,147,147,154,154,159,NA,157,NA,155,158,156,NA,NA,NA,159,163,NA,163,167,NA,169,NA,NA,NA,NA,175,NA,NA,170,NA,160,NA,116,NA,189,212,205,210,NA,208,NA,NA,48,48,118,NA,144,111,NA,129,NA,165,153,NA,156,164,NA,175,180,NA,185,195,NA,NA,180,170,NA,NA,NA,NA,185,119
NA,147,142,140,144,NA,144,147,145,147,NA,145,NA,142,137,NA,NA,140,NA,NA,137,135,NA,135,NA,137,135,NA,135,133,NA,NA,NA,NA,NA,NA,NA,137,135,138,142,NA,NA,143,NA,139,136,NA,137,NA,142,NA,NA,139,NA,142,144,144,148,148,147,NA,NA,NA,150,153,155,150,NA,138,NA,132,132,132,124,NA,NA,128,100,NA,132,NA,137,NA,NA,NA,152,NA,157,159,NA,160,NA,160,NA,156,NA,NA,NA,166,163,NA,NA,166,165,NA,171,NA,NA,175,172,163,NA,164,153,NA,NA,NA,209,203,NA,204,189,110,49,41,44,NA,NA,NA,NA,NA,139,157,165,161,NA,NA,NA,169,NA,165,NA,174,182,NA,189,NA,177,176,186,NA,NA,196,NA
144,NA,NA,146,NA,NA,NA,150,146,147,146,NA,141,NA,NA,138,NA,NA,138,NA,NA,NA,NA,140,136,135,133,136,136,137,NA,NA,138,137,NA,NA,NA,142,NA,139,NA,NA,141,NA,140,145,142,NA,NA,NA,136,135,136,141,137,NA,145,147,NA,NA,NA,NA,150,149,NA,NA,NA,156,NA,144,138,NA,NA,NA,123,126,NA,124,NA,NA,134,146,NA,NA,NA,158,155,NA,158,154,158,NA,NA,NA,149,148,150,NA,154,NA,NA,NA,NA,NA,NA,163,NA,NA,173,174,NA,172,NA,164,158,NA,170,NA,177,197,210,198,152,NA,NA,36,NA,102,140,111,55,94,NA,164,NA,NA,155,165,164,171,NA,168,NA,168,168,181,182,186,NA,NA,187,192,194,NA,NA
145,NA,142,NA,147,NA,147,141,148,147,NA,NA,141,NA,143,138,135,NA,137,NA,NA,NA,138,139,NA,138,136,NA,141,NA,139,NA,NA,138,138,142,NA,NA,NA,NA,138,147,NA,NA,NA,NA,NA,NA,140,139,NA,NA,NA,140,NA,138,NA,NA,NA,NA,NA,NA,NA,NA,158,168,169,162,NA,144,NA,NA,133,NA,NA,128,119,120,111,94,130,137,NA,141,NA,152,NA,152,155,155,152,NA,NA,NA,NA,NA,140,NA,146,NA,NA,156,NA,158,158,NA,NA,NA,168,165,167,163,159,159,NA,155,176,NA,NA,NA,NA,NA,62,NA,NA,NA,85,NA,NA,85,NA,108,145,167,NA,NA,155,NA,165,159,NA,NA,171,NA,NA,NA,175,NA,NA,NA,NA,NA,NA,NA,NA
146,NA,144,NA,145,NA,NA,141,143,141,145,143,NA,NA,NA,NA,138,135,NA,NA,133,NA,133,134,NA,NA,NA,135,NA,NA,NA,NA,NA,NA,NA,NA,NA,NA,NA,148,NA,149,146,144,NA,146,NA,NA,144,142,139,134,NA,137,138,140,136,144,152,155,163,NA,NA,NA,164,NA,169,NA,147,NA,135,NA,126,NA,NA,133,NA,NA,116,100,NA,NA,NA,144,NA,NA,NA,NA,NA,NA,148,NA,148,139,NA,144,NA,NA,142,NA,150,151,NA,150,152,NA,159,NA,NA,NA,NA,NA,168,161,144,157,NA,142,NA,NA,92,60,NA,NA,NA,50,131,129,98,77,NA,NA,158,167,164,NA,159,NA,146,162,NA,171,NA,160,161,NA,NA,170,173,182,NA,NA,194,191,195
140,140,NA,NA,NA,NA,NA,149,NA,NA,143,145,143,NA,NA,NA,138,NA,138,135,130,137,137,NA,NA,NA,NA,NA,137,NA,141,NA,NA,NA,NA,145,NA,NA,145,144,148,NA,NA,145,150,143,147,150,149,NA,NA,144,141,141,138,NA,NA,NA,148,153,159,151,NA,165,164,167,NA,NA,149,151,NA,134,NA,120,131,127,125,NA,NA,NA,125,NA,NA,145,145,146,151,NA,NA,152,148,NA,138,NA,120,NA,119,132,135,137,NA,NA,141,148,NA,NA,NA,156,150,NA,151,153,NA,167,151,NA,172,126,NA,100,NA,118,100,NA,54,130,93,NA,92,NA,80,143,170,170,166,NA,161,NA,156,NA,165,NA,164,NA,159,159,160,168,170,177,NA,NA,NA,191,NA
146,NA,145,147,NA,NA,144,NA,NA,NA,NA,143,137,138,137,NA,NA,133,NA,139,136,137,NA,138,137,141,142,NA,NA,141,NA,143,NA,NA,NA,NA,NA,NA,NA,NA,NA,NA,151,NA,NA,151,NA,150,149,NA,NA,144,146,NA,NA,NA,NA,141,NA,150,160,158,163,NA,167,NA,161,161,161,NA,NA,NA,119,NA,128,124,NA,NA,118,97,NA,147,NA,NA,148,151,NA,NA,150,NA,NA,NA,NA,NA,107,105,NA,NA,125,133,NA,NA,133,142,NA,145,NA,NA,146,147,NA,NA,NA,NA,151,133,NA,NA,111,NA,126,102,65,NA,115,NA,NA,114,81,56,100,NA,NA,174,NA,NA,165,NA,NA,NA,NA,174,171,NA,163,163,NA,NA,NA,NA,NA,183,NA,NA,191
NA,NA,149,NA,NA,145,NA,NA,143,NA,142,NA,NA,136,134,136,NA,NA,NA,NA,NA,136,NA,NA,144,141,144,141,NA,142,NA,NA,NA,NA,NA,143,146,147,NA,NA,146,NA,146,148,NA,150,149,NA,NA,153,NA,NA,145,NA,144,NA,NA,NA,NA,NA,NA,NA,NA,165,172,NA,NA,169,167,NA,146,NA,NA,123,127,137,NA,NA,NA,93,NA,NA,NA,145,NA,NA,NA,NA,149,144,137,NA,125,NA,126,NA,120,113,125,130,NA,134,NA,NA,137,NA,NA,NA,NA,139,138,136,128,NA,NA,NA,NA,133,NA,NA,NA,NA,118,126,141,NA,122,NA,77,63,141,172,NA,NA,171,NA,NA,170,164,160,NA,NA,184,NA,NA,NA,NA,174,NA,171,NA,NA,183,NA,NA
148,NA,147,NA,144,145,NA,NA,NA,144,NA,NA,140,NA,NA,138,138,143,139,139,NA,140,137,NA,145,NA,141,NA,141,NA,141,NA,NA,145,NA,NA,152,NA,149,150,151,149,NA,NA,154,150,154,158,NA,NA,NA,NA,NA,NA,148,141,NA,143,NA,154,167,NA,NA,NA,173,NA,NA,NA,NA,163,NA,124,114,130,NA,147,159,152,120,89,NA,140,157,NA,154,149,147,149,NA,NA,134,NA,NA,NA,NA,137,NA,NA,122,NA,NA,NA,NA,NA,147,148,148,NA,146,146,144,NA,NA,132,NA,NA,124,NA,117,112,110,121,NA,136,132,NA,NA,107,77,NA,NA,179,180,NA,180,174,174,172,169,161,155,146,NA,NA,180,171,170,175,181,171,179,NA,182,NA,NA
NA,NA,NA,151,NA,150,150,146,143,138,138,138,NA,NA,138,NA,138,135,NA,NA,141,NA,144,NA,NA,NA,NA,142,149,NA,145,147,151,146,146,NA,NA,150,151,151,155,NA,156,153,NA,154,NA,162,NA,NA,NA,157,156,153,NA,145,NA,144,147,NA,NA,NA,NA,NA,170,167,NA,NA,171,169,153,NA,NA,132,NA,147,172,NA,NA,82,NA,138,162,152,154,NA,147,NA,142,133,NA,129,NA,127,134,NA,139,132,131,129,134,132,NA,140,NA,141,146,143,NA,NA,NA,141,143,NA,NA,NA,122,119,115,NA,110,111,NA,126,126,127,120,102,100,NA,177,184,182,178,NA,173,170,174,NA,NA,166,165,NA,NA,184,NA,179,NA,171,179,NA,180,176,NA,177
NA,NA,NA,NA,NA,145,NA,141,NA,136,NA,NA,NA,NA,NA,141,139,NA,135,136,NA,NA,143,NA,144,NA,145,148,NA,146,NA,147,NA,NA,145,147,151,151,NA,NA,157,NA,152,NA,159,162,NA,158,NA,NA,NA,162,NA,156,NA,151,152,145,NA,155,172,NA,149,NA,NA,NA,NA,NA,NA,NA,NA,124,118,NA,NA,NA,NA,160,115,NA,NA,NA,NA,158,158,NA,151,NA,NA,NA,127,NA,NA,47,NA,NA,NA,NA,137,NA,127,131,132,133,136,NA,141,139,137,135,132,135,NA,136,135,133,NA,NA,NA,NA,NA,122,NA,NA,NA,130,124,125,NA,167,177,179,179,NA,NA,NA,175,175,173,NA,NA,166,NA,150,174,NA,NA,NA,NA,NA,176,NA,NA,NA,NA
NA,NA,150,150,NA,144,144,NA,140,142,139,140,137,NA,143,140,NA,NA,NA,NA,NA,NA,NA,147,151,150,146,148,NA,149,147,NA,148,152,NA,NA,NA,153,NA,155,NA,NA,160,161,161,159,NA,165,NA,164,166,164,170,165,NA,160,NA,156,156,NA,176,155,151,NA,169,NA,NA,NA,164,158,NA,NA,117,144,NA,159,NA,168,117,NA,NA,131,161,169,NA,NA,154,NA,142,NA,NA,NA,75,36,128,144,141,NA,123,125,127,130,NA,128,131,NA,135,129,NA,128,NA,133,NA,NA,NA,NA,127,NA,NA,123,NA,NA,NA,NA,135,NA,NA,149,NA,NA,176,176,NA,NA,177,177,NA,177,172,NA,NA,172,NA,NA,160,166,NA,180,177,172,NA,NA,NA,181,183
151,NA,NA,NA,146,NA,NA,145,138,146,139,137,NA,145,139,NA,NA,143,NA,NA,141,146,NA,NA,NA,NA,NA,NA,NA,NA,150,151,NA,153,154,154,NA,NA,158,NA,158,158,160,159,NA,162,162,163,169,NA,168,NA,175,172,170,NA,NA,NA,159,159,173,153,153,160,NA,NA,NA,163,160,158,154,NA,NA,136,146,156,NA,168,NA,NA,NA,129,160,NA,184,181,NA,167,NA,141,130,135,NA,NA,NA,NA,NA,125,124,NA,NA,121,128,126,NA,126,134,NA,135,135,130,130,129,127,129,NA,133,NA,NA,NA,NA,NA,NA,NA,NA,144,NA,157,NA,170,181,NA,NA,178,177,182,180,NA,NA,NA,177,NA,176,171,164,NA,159,NA,NA,NA,173,184,183,182,176
146,NA,NA,NA,NA,NA,NA,NA,NA,140,NA,140,134,140,NA,140,138,139,142,144,NA,146,NA,147,NA,NA,NA,NA,NA,155,NA,150,155,NA,158,155,159,NA,157,156,NA,NA,161,NA,160,163,167,NA,NA,NA,NA,NA,NA,175,177,171,NA,NA,169,169,171,140,153,NA,165,174,NA,NA,153,157,155,139,NA,134,NA,146,NA,181,NA,112,NA,143,171,NA,214,212,NA,NA,180,NA,NA,134,NA,NA,135,NA,NA,124,NA,120,NA,NA,122,123,NA,127,125,NA,NA,124,129,NA,NA,128,NA,NA,130,NA,NA,139,NA,NA,NA,144,NA,150,158,155,167,NA,176,177,175,NA,NA,178,181,NA,187,NA,NA,NA,177,173,NA,164,NA,167,175,178,NA,178,184,NA,NA
147,146,150,152,NA,NA,141,143,143,NA,NA,136,NA,140,141,NA,144,143,147,145,NA,148,NA,NA,NA,150,NA,NA,NA,NA,NA,157,153,NA,155,NA,NA,NA,NA,164,158,NA,162,165,166,NA,NA,171,NA,NA,NA,181,NA,NA,186,NA,NA,NA,177,176,172,NA,142,152,156,NA,161,163,158,NA,NA,NA,NA,NA,141,147,194,192,133,NA,126,NA,NA,NA,207,NA,202,NA,184,NA,NA,NA,NA,NA,132,127,NA,122,NA,NA,NA,125,126,130,129,133,NA,125,131,124,NA,NA,127,NA,NA,NA,NA,NA,137,145,146,NA,143,150,150,NA,NA,164,NA,170,172,NA,176,183,NA,183,NA,183,NA,189,194,189,NA,179,NA,174,169,178,NA,176,175,169,176,NA,NA
148,NA,145,149,NA,141,139,NA,NA,NA,137,141,143,NA,145,NA,NA,NA,NA,NA,NA,146,NA,152,NA,NA,NA,NA,154,NA,158,158,157,161,160,NA,NA,160,161,166,167,163,167,163,NA,NA,174,176,NA,NA,NA,NA,185,NA,NA,189,NA,NA,182,NA,NA,NA,NA,144,144,NA,149,154,153,NA,155,NA,NA,123,140,158,NA,NA,NA,119,139,NA,200,NA,183,184,NA,164,NA,142,NA,114,84,124,NA,119,127,131,NA,NA,NA,NA,137,132,137,NA,NA,131,134,NA,138,NA,NA,NA,NA,NA,151,NA,NA,NA,NA,153,NA,155,158,159,155,NA,NA,NA,NA,175,NA,NA,188,NA,191,NA,NA,NA,NA,183,185,NA,NA,184,NA,NA,NA,NA,176,173,164,178,NA
151,148,NA,147,151,143,NA,141,NA,143,145,142,NA,NA,145,148,NA,NA,NA,148,NA,NA,152,NA,NA,151,NA,157,157,157,NA,157,160,159,NA,162,NA,162,169,165,166,168,NA,NA,169,NA,NA,NA,NA,180,NA,188,NA,188,NA,191,192,192,194,NA,180,NA,135,NA,NA,NA,147,NA,NA,147,152,154,160,134,134,NA,188,191,144,102,137,NA,NA,186,NA,171,NA,173,NA,167,136,NA,NA,NA,NA,124,NA,NA,NA,NA,NA,NA,141,148,148,NA,NA,152,NA,NA,157,169,NA,NA,165,NA,175,178,175,171,NA,170,NA,164,NA,NA,NA,170,173,178,NA,184,182,187,189,NA,NA,NA,NA,NA,191,NA,NA,NA,NA,NA,183,NA,177,173,173,175,167,NA,NA
NA,144,NA,146,NA,146,142,NA,142,144,NA,144,NA,NA,144,144,NA,NA,151,148,151,152,NA,152,150,156,155,NA,NA,NA,159,NA,NA,NA,NA,163,NA,165,164,NA,NA,NA,171,172,172,NA,172,176,182,NA,NA,NA,NA,191,191,196,NA,NA,NA,NA,163,112,NA,NA,136,154,154,NA,146,NA,136,NA,153,148,137,NA,145,NA,140,96,93,NA,176,215,190,203,201,197,NA,NA,160,115,NA,124,NA,NA,140,NA,152,NA,NA,NA,NA,158,NA,171,167,NA,NA,182,NA,187,NA,197,195,193,NA,201,NA,199,NA,NA,NA,NA,185,182,181,184,NA,186,NA,186,NA,NA,NA,NA,196,192,197,NA,196,NA,NA,NA,NA,NA,192,173,164,NA,184,182,NA,174,176
NA,NA,NA,146,NA,NA,NA,141,NA,144,NA,149,NA,145,152,148,NA,153,155,152,NA,155,155,NA,NA,NA,NA,157,162,NA,NA,NA,165,163,NA,NA,166,164,169,NA,NA,NA,173,174,NA,NA,175,NA,176,184,NA,NA,189,NA,NA,NA,NA,NA,NA,NA,NA,NA,NA,NA,NA,107,140,151,NA,146,NA,137,NA,151,146,142,NA,135,NA,NA,NA,143,NA,208,NA,NA,200,NA,197,NA,NA,118,NA,NA,NA,164,166,168,NA,NA,175,179,178,NA,192,NA,NA,NA,NA,NA,206,213,214,212,219,223,NA,NA,NA,NA,NA,204,202,NA,NA,192,195,NA,187,NA,NA,193,196,195,NA,NA,NA,NA,NA,195,NA,198,NA,197,197,196,NA,192,174,NA,184,186,184,NA,176
NA,150,148,NA,147,NA,NA,NA,144,145,NA,NA,NA,147,NA,NA,NA,NA,NA,NA,NA,156,155,NA,160,157,NA,161,164,166,164,NA,168,163,169,NA,NA,NA,NA,171,NA,175,173,177,176,NA,NA,NA,NA,NA,NA,NA,190,NA,NA,199,202,197,202,NA,NA,44,NA,38,33,NA,NA,72,NA,NA,143,144,145,NA,NA,143,136,NA,129,NA,NA,NA,162,NA,197,195,197,193,193,NA,191,NA,NA,NA,NA,185,182,NA,NA,188,NA,NA,209,212,NA,219,NA,219,NA,223,224,NA,NA,224,NA,NA,NA,NA,220,NA,217,221,213,206,204,NA,190,NA,NA,189,NA,191,197,195,NA,NA,NA,NA,199,199,200,195,195,194,NA,196,194,191,NA,NA,NA,182,NA,NA,178
150,149,NA,147,NA,145,NA,NA,NA,149,NA,147,NA,149,150,NA,NA,156,NA,155,158,158,158,161,NA,NA,NA,161,165,165,NA,NA,170,170,NA,174,NA,NA,NA,175,172,NA,NA,NA,179,NA,182,NA,188,185,186,NA,195,NA,197,NA,NA,200,NA,NA,NA,51,NA,47,44,NA,39,38,26,NA,NA,NA,143,NA,154,NA,NA,NA,NA,122,NA,151,179,194,NA,NA,NA,NA,189,186,189,190,182,191,199,NA,213,216,220,220,NA,NA,222,NA,NA,221,223,220,NA,218,NA,NA,205,NA,NA,194,NA,NA,NA,206,212,NA,NA,208,202,NA,NA,196,NA,NA,193,193,194,NA,193,195,198,NA,199,NA,197,NA,NA,199,195,198,NA,195,NA,NA,NA,NA,NA,NA,NA
148,NA,151,149,NA,NA,NA,NA,151,NA,148,149,155,151,NA,156,157,157,157,NA,158,159,NA,161,NA,161,NA,NA,NA,167,168,168,NA,168,NA,NA,170,NA,NA,179,179,175,NA,185,183,NA,NA,NA,189,NA,NA,NA,195,NA,202,201,200,NA,210,NA,NA,NA,NA,65,NA,69,NA,57,46,42,30,51,NA,141,137,149,NA,NA,134,NA,NA,138,176,175,170,171,NA,NA,NA,173,173,177,NA,207,207,223,235,233,232,231,228,NA,NA,217,NA,NA,NA,205,NA,NA,190,NA,188,NA,174,NA,NA,131,NA,NA,135,NA,217,NA,205,201,NA,192,NA,NA,187,NA,193,196,194,NA,NA,NA,203,203,NA,199,NA,NA,NA,NA,203,201,NA,193,182,188,187,NA,185
NA,NA,155,NA,NA,NA,NA,148,NA,NA,154,NA,NA,154,NA,NA,155,NA,NA,NA,162,NA,164,NA,NA,166,165,NA,165,NA,NA,173,NA,170,NA,NA,179,NA,NA,NA,NA,185,180,NA,NA,NA,NA,NA,187,NA,192,NA,193,NA,NA,202,NA,NA,NA,64,57,58,NA,NA,47,50,55,70,NA,NA,NA,77,66,NA,139,142,139,144,139,125,NA,105,NA,145,149,158,157,159,NA,166,NA,NA,165,167,NA,NA,223,NA,219,NA,212,NA,185,180,178,177,NA,180,178,176,NA,182,185,NA,159,153,171,105,87,110,83,NA,133,201,203,199,NA,NA,NA,NA,NA,190,190,NA,199,197,201,203,202,NA,NA,201,NA,NA,200,NA,NA,NA,192,194,182,184,NA,191,190
NA,NA,153,NA,NA,149,150,151,152,154,NA,NA,152,NA,159,NA,NA,NA,NA,163,NA,167,167,166,NA,NA,NA,NA,NA,NA,NA,177,178,179,NA,180,NA,NA,180,NA,185,NA,NA,NA,NA,186,187,188,NA,NA,NA,NA,199,201,NA,NA,NA,NA,119,41,NA,58,NA,NA,NA,53,NA,NA,44,45,NA,48,54,62,NA,124,NA,NA,148,NA,130,123,NA,NA,141,143,150,148,NA,NA,155,157,164,149,146,162,167,NA,163,154,147,159,NA,NA,165,165,NA,166,NA,NA,NA,174,164,NA,152,NA,NA,101,NA,NA,119,65,49,NA,188,NA,NA,193,190,197,188,NA,196,196,201,NA,NA,204,NA,NA,NA,NA,NA,200,199,NA,NA,198,NA,NA,191,180,186,192,NA
NA,NA,NA,150,150,154,NA,154,NA,155,NA,162,NA,162,NA,NA,161,161,163,NA,168,NA,NA,NA,172,173,NA,NA,NA,176,NA,NA,183,185,182,NA,184,NA,NA,189,183,191,187,192,NA,NA,194,NA,NA,NA,NA,198,202,201,204,200,NA,190,NA,NA,NA,NA,NA,60,NA,NA,NA,45,45,NA,47,43,NA,34,40,NA,NA,NA,146,149,147,NA,133,140,146,146,NA,144,148,NA,152,NA,NA,NA,NA,NA,142,144,156,NA,159,NA,NA,NA,NA,NA,NA,164,NA,NA,166,NA,158,159,141,139,NA,117,148,NA,55,NA,48,37,120,178,NA,184,187,193,NA,NA,197,198,201,NA,NA,203,206,NA,203,205,NA,NA,200,196,NA,195,191,194,NA,NA,189,191,196
155,154,149,NA,153,NA,157,NA,NA,156,NA,158,162,161,NA,161,164,165,163,NA,168,NA,NA,NA,172,NA,NA,NA,181,NA,182,NA,184,184,187,187,NA,NA,188,NA,NA,NA,188,NA,NA,189,193,NA,NA,196,NA,NA,NA,202,201,NA,NA,NA,51,NA,57,52,56,56,57,NA,NA,48,47,44,41,48,NA,49,49,NA,39,47,NA,143,146,NA,141,138,NA,NA,NA,NA,NA,NA,148,NA,147,NA,148,NA,146,147,NA,NA,154,NA,158,NA,157,NA,160,NA,163,161,158,NA,156,NA,133,NA,NA,NA,123,66,102,78,47,49,62,140,NA,171,182,189,NA,195,NA,NA,201,NA,NA,NA,207,206,NA,208,NA,205,NA,197,NA,199,197,196,NA,NA,181,NA,191
156,NA,159,159,158,156,NA,NA,NA,160,160,162,NA,168,164,NA,NA,168,168,168,169,172,NA,NA,176,178,NA,179,NA,183,NA,NA,187,NA,191,191,NA,189,189,191,NA,NA,192,NA,194,NA,NA,198,NA,200,203,203,204,203,205,NA,NA,NA,56,NA,53,61,58,57,54,51,45,NA,NA,NA,NA,NA,39,NA,49,NA,44,41,NA,NA,106,NA,NA,NA,NA,137,136,NA,139,NA,141,141,144,NA,NA,NA,NA,NA,NA,152,NA,154,155,150,158,154,159,159,NA,147,151,NA,NA,NA,NA,114,132,NA,93,NA,94,44,44,43,NA,85,142,153,186,196,NA,NA,201,NA,NA,202,NA,210,207,NA,209,NA,NA,NA,205,NA,NA,197,NA,NA,196,192,NA,190,190
NA,160,162,NA,159,NA,161,157,161,161,162,NA,166,160,162,NA,172,176,173,177,NA,NA,NA,179,181,181,184,NA,NA,NA,NA,NA,NA,NA,190,NA,193,NA,NA,195,NA,NA,NA,NA,NA,196,NA,NA,NA,NA,NA,NA,206,NA,206,NA,NA,NA,NA,52,58,NA,57,NA,NA,NA,55,NA,NA,NA,NA,NA,NA,NA,NA,45,NA,NA,NA,42,NA,50,101,NA,138,138,136,136,NA,NA,137,NA,NA,144,NA,143,NA,154,NA,147,NA,147,NA,149,NA,152,150,NA,NA,145,149,NA,147,138,136,109,NA,158,98,NA,NA,49,NA,NA,50,NA,132,NA,150,NA,NA,NA,NA,NA,NA,208,210,NA,209,209,211,207,NA,NA,NA,203,NA,NA,196,NA,NA,193,NA,NA,194
NA,165,163,NA,163,164,161,NA,165,NA,NA,NA,168,NA,168,NA,172,NA,178,177,NA,NA,NA,181,NA,183,NA,NA,NA,NA,NA,194,192,192,NA,197,195,195,NA,NA,199,198,197,200,201,199,202,202,202,205,NA,NA,207,NA,214,198,NA,48,NA,50,54,50,53,53,NA,52,54,NA,55,NA,56,NA,NA,NA,50,45,49,47,NA,47,NA,NA,NA,48,96,128,NA,NA,NA,NA,134,136,NA,NA,NA,NA,NA,143,NA,148,144,NA,149,NA,146,146,NA,141,140,140,140,140,131,130,125,NA,NA,167,NA,NA,NA,NA,65,NA,NA,NA,127,NA,NA,NA,202,NA,NA,NA,210,208,209,208,213,NA,NA,211,NA,NA,204,204,195,NA,197,206,199,194,NA,179,NA
NA,163,167,164,164,164,NA,NA,NA,NA,NA,NA,169,171,NA,NA,NA,NA,NA,180,NA,NA,NA,NA,188,189,NA,NA,NA,NA,NA,NA,NA,198,NA,199,NA,200,200,NA,202,NA,NA,NA,202,NA,NA,207,207,NA,207,NA,208,212,219,136,NA,54,54,54,NA,NA,69,NA,NA,NA,66,NA,63,49,51,56,41,NA,56,58,51,NA,NA,NA,NA,44,45,NA,42,NA,NA,124,131,NA,NA,128,133,NA,138,135,NA,137,NA,NA,143,NA,139,NA,NA,142,NA,137,134,NA,134,136,129,126,131,NA,NA,172,NA,109,46,89,NA,74,45,NA,83,NA,NA,NA,NA,207,208,NA,NA,NA,NA,NA,NA,NA,NA,NA,210,209,205,NA,197,201,NA,198,189,190,NA,165,NA
NA,161,167,167,NA,164,NA,NA,169,NA,172,NA,NA,177,175,175,NA,183,180,NA,NA,NA,187,188,191,192,193,190,NA,NA,197,198,NA,NA,NA,NA,NA,NA,203,NA,NA,NA,NA,206,NA,NA,206,206,NA,208,211,207,210,NA,NA,57,41,NA,NA,57,NA,NA,58,NA,NA,68,NA,54,58,NA,NA,51,57,NA,47,NA,56,NA,NA,50,NA,NA,41,46,47,NA,40,44,NA,113,126,NA,NA,127,NA,128,NA,133,NA,NA,NA,134,138,138,136,NA,NA,134,NA,136,NA,130,131,121,NA,NA,98,NA,NA,188,NA,NA,NA,118,68,49,66,124,NA,NA,NA,207,207,NA,NA,NA,NA,NA,212,NA,NA,214,NA,210,NA,199,NA,NA,NA,196,NA,NA,162,109,116
165,160,166,NA,168,NA,168,171,NA,NA,NA,NA,173,NA,183,NA,178,185,184,188,189,NA,190,191,NA,196,195,198,NA,199,NA,NA,199,202,203,203,201,204,207,205,207,NA,205,NA,NA,206,NA,208,208,NA,211,210,214,NA,95,34,NA,59,NA,NA,NA,58,NA,NA,45,NA,NA,64,NA,53,56,70,NA,59,51,NA,NA,48,51,56,NA,53,51,44,48,NA,NA,47,NA,NA,74,107,125,NA,125,NA,130,NA,NA,132,NA,131,NA,133,NA,NA,NA,NA,NA,133,129,NA,NA,106,92,67,80,NA,NA,NA,176,186,NA,139,NA,NA,NA,NA,NA,89,168,205,207,NA,NA,NA,214,NA,NA,210,205,NA,NA,197,NA,NA,178,NA,180,167,144,NA,94,74,59
166,NA,166,167,170,170,NA,176,NA,175,174,174,NA,179,NA,NA,186,NA,186,188,NA,NA,192,NA,195,195,NA,NA,NA,NA,201,203,NA,205,NA,208,NA,NA,208,208,NA,NA,209,NA,208,NA,211,NA,NA,212,NA,213,220,142,38,NA,38,48,NA,NA,NA,51,57,68,NA,NA,NA,43,52,67,NA,61,NA,49,44,NA,40,48,NA,NA,NA,NA,NA,64,NA,NA,NA,51,NA,NA,NA,45,67,NA,118,NA,NA,NA,NA,NA,131,133,NA,NA,130,NA,128,NA,NA,NA,125,119,116,106,86,65,NA,NA,NA,NA,NA,155,132,92,NA,NA,48,89,106,72,141,197,206,NA,211,206,NA,NA,207,NA,200,NA,NA,NA,174,NA,165,149,NA,NA,NA,93,70,89,50
167,170,174,173,NA,NA,NA,NA,177,NA,180,NA,183,183,186,NA,192,193,193,194,NA,197,195,NA,199,200,NA,199,200,200,203,NA,205,NA,204,207,205,NA,NA,NA,NA,NA,NA,NA,207,NA,209,NA,210,213,213,NA,172,48,NA,NA,41,NA,46,NA,NA,NA,NA,47,NA,NA,NA,NA,48,46,NA,NA,46,NA,NA,NA,NA,NA,46,46,50,51,NA,NA,NA,50,NA,49,NA,NA,46,NA,NA,43,66,NA,NA,118,NA,NA,127,NA,NA,NA,127,130,129,127,129,NA,122,118,NA,104,NA,NA,NA,75,NA,92,97,88,71,44,NA,NA,50,NA,123,NA,NA,171,197,207,209,NA,203,198,193,185,NA,174,NA,NA,NA,122,NA,112,104,NA,NA,NA,NA,93,NA
NA,NA,NA,NA,178,179,179,NA,NA,NA,NA,NA,187,191,191,NA,194,197,197,201,NA,NA,NA,201,NA,NA,NA,204,NA,206,NA,206,NA,NA,208,208,209,NA,209,211,213,214,209,NA,NA,213,NA,214,215,216,NA,NA,NA,NA,34,33,37,51,51,NA,NA,50,47,56,NA,48,NA,NA,54,60,NA,53,NA,NA,48,49,56,NA,54,54,NA,53,46,46,49,NA,NA,51,47,NA,NA,53,45,40,NA,48,67,93,95,106,108,122,NA,122,NA,126,NA,123,NA,121,119,110,116,NA,99,85,52,39,NA,NA,62,58,43,38,NA,NA,59,110,122,82,NA,147,NA,194,NA,NA,NA,NA,NA,152,143,NA,121,109,99,96,94,97,NA,NA,85,69,NA,NA,101
172,171,NA,181,NA,NA,179,NA,NA,NA,185,188,190,NA,NA,198,197,196,198,NA,202,NA,NA,204,NA,NA,NA,205,205,204,207,NA,207,207,NA,208,208,211,208,NA,211,NA,NA,212,NA,214,NA,NA,NA,222,NA,68,NA,39,43,46,NA,NA,52,44,47,49,55,52,53,NA,51,NA,NA,NA,46,55,55,61,63,72,54,58,52,51,56,54,NA,45,51,NA,NA,NA,NA,47,46,51,46,46,NA,37,NA,NA,NA,NA,NA,NA,100,104,113,110,NA,118,118,NA,NA,104,NA,NA,93,NA,94,63,50,NA,NA,NA,NA,NA,61,55,57,NA,144,NA,88,112,151,160,NA,NA,139,NA,NA,106,NA,102,NA,91,NA,NA,76,77,73,69,77,134,NA,NA,119
175,NA,NA,NA,180,NA,NA,NA,NA,186,191,NA,NA,193,195,NA,197,197,NA,201,201,NA,205,NA,NA,207,207,207,NA,NA,208,209,NA,NA,NA,211,212,213,212,NA,212,NA,NA,NA,215,216,NA,NA,223,191,NA,42,NA,62,66,NA,58,62,73,66,65,NA,NA,NA,NA,51,52,50,NA,NA,49,NA,NA,49,47,NA,NA,NA,78,NA,52,52,NA,NA,52,NA,44,NA,NA,43,47,NA,44,NA,NA,42,NA,39,38,40,NA,59,NA,NA,73,84,91,99,99,NA,94,96,91,84,NA,NA,NA,NA,52,NA,40,56,51,NA,59,53,62,78,113,101,NA,84,103,115,NA,107,102,NA,97,NA,NA,NA,NA,NA,NA,NA,60,60,NA,NA,145,104,NA,NA,73
NA,NA,183,185,185,187,NA,NA,192,NA,194,194,197,198,NA,NA,NA,NA,204,NA,NA,207,NA,209,207,NA,NA,206,NA,NA,210,211,211,NA,NA,NA,NA,214,NA,NA,216,217,NA,219,221,NA,220,NA,NA,62,33,40,48,NA,73,NA,NA,92,NA,64,NA,69,73,NA,NA,NA,NA,NA,49,NA,NA,NA,50,NA,NA,NA,51,52,55,73,NA,73,70,61,NA,70,NA,67,NA,NA,NA,57,NA,52,47,44,NA,45,NA,NA,NA,NA,51,53,63,55,NA,54,NA,67,NA,58,NA,NA,52,52,54,NA,NA,NA,40,46,52,NA,55,57,74,NA,NA,NA,NA,57,NA,NA,NA,95,95,84,NA,67,58,53,NA,38,36,46,46,31,67,NA,94,NA,NA,NA,NA
NA,187,187,NA,187,NA,189,192,NA,NA,NA,NA,199,201,201,NA,NA,205,NA,NA,NA,207,208,NA,212,210,211,211,NA,210,210,211,212,NA,NA,NA,214,214,218,216,NA,NA,219,NA,NA,NA,227,NA,49,49,57,59,73,NA,86,82,77,NA,98,103,105,NA,110,NA,NA,115,118,NA,NA,109,101,103,NA,81,NA,NA,72,65,NA,54,NA,NA,68,68,57,61,60,66,NA,58,NA,NA,47,NA,NA,48,NA,NA,47,55,NA,42,NA,NA,47,NA,60,NA,61,57,55,NA,NA,NA,59,56,NA,58,55,NA,48,53,56,NA,NA,69,64,NA,89,NA,NA,NA,NA,60,NA,74,71,57,NA,NA,42,47,34,NA,NA,NA,37,NA,NA,NA,86,111,82,114,NA
NA,NA,187,NA,NA,NA,192,NA,NA,200,200,NA,NA,204,205,206,NA,208,205,209,NA,209,NA,210,NA,210,213,211,NA,211,NA,NA,NA,216,214,NA,216,214,216,NA,NA,221,220,NA,NA,NA,112,NA,56,84,NA,NA,NA,NA,108,NA,NA,106,NA,97,NA,NA,NA,88,NA,NA,90,84,NA,80,NA,NA,NA,85,90,100,96,NA,NA,88,81,76,80,77,83,75,70,60,53,61,55,59,NA,NA,NA,NA,NA,41,56,42,NA,NA,56,NA,NA,43,NA,NA,44,48,44,NA,41,40,39,46,NA,51,NA,41,NA,NA,48,NA,49,NA,78,NA,56,51,40,44,NA,NA,44,NA,NA,NA,38,34,NA,39,41,45,40,NA,107,101,NA,NA,71,118,143,144,NA
NA,NA,190,NA,193,197,197,NA,199,NA,NA,NA,205,206,NA,208,207,209,207,208,NA,NA,214,214,NA,211,NA,213,213,NA,212,NA,NA,214,215,216,NA,NA,222,222,222,224,NA,NA,168,70,47,NA,NA,59,NA,57,63,58,68,62,NA,78,74,NA,NA,87,90,87,NA,NA,77,77,76,72,78,NA,78,65,61,NA,66,70,NA,NA,71,84,86,NA,83,NA,NA,NA,NA,95,NA,NA,71,67,59,64,NA,NA,NA,65,NA,NA,56,47,NA,NA,60,NA,NA,NA,48,NA,NA,NA,44,NA,43,NA,40,44,NA,45,49,53,NA,NA,47,NA,NA,49,NA,38,38,38,NA,NA,NA,41,40,NA,39,NA,52,64,NA,88,NA,70,NA,79,NA,NA,NA,NA,NA
NA,194,194,199,NA,NA,196,NA,202,NA,NA,203,208,NA,209,206,NA,207,209,211,211,211,210,212,NA,213,NA,213,211,NA,NA,NA,NA,216,218,219,NA,223,221,NA,NA,NA,NA,80,27,39,NA,NA,47,NA,59,NA,78,NA,NA,NA,84,NA,NA,NA,97,NA,86,90,NA,99,96,NA,NA,83,83,83,NA,86,NA,87,NA,NA,70,76,NA,NA,NA,64,70,64,NA,60,NA,NA,NA,NA,70,NA,78,68,NA,70,66,63,65,NA,54,NA,44,50,50,56,NA,58,62,NA,50,NA,46,NA,NA,NA,56,41,44,NA,47,48,44,47,44,NA,NA,NA,41,39,NA,40,NA,41,40,NA,43,NA,NA,NA,77,NA,62,66,NA,NA,NA,NA,NA,121,NA,NA,112
195,NA,NA,NA,201,NA,201,NA,NA,206,206,NA,208,211,NA,208,208,211,NA,213,NA,NA,NA,215,214,NA,NA,212,213,NA,NA,216,NA,219,NA,220,224,226,NA,218,NA,71,24,NA,38,45,45,46,56,61,64,NA,NA,79,76,84,82,NA,NA,85,84,NA,83,81,NA,76,80,NA,76,NA,84,NA,NA,NA,78,NA,NA,NA,87,NA,NA,NA,NA,75,78,NA,NA,NA,NA,79,66,63,64,NA,60,NA,71,NA,NA,74,NA,NA,NA,67,62,NA,63,NA,NA,NA,NA,NA,61,NA,51,NA,50,NA,NA,NA,39,NA,NA,38,40,36,35,43,NA,NA,43,NA,39,NA,NA,NA,38,47,53,NA,86,NA,NA,NA,NA,115,135,138,131,132,NA,NA,95,NA,122
197,NA,NA,NA,NA,204,NA,206,207,211,209,NA,NA,214,NA,211,NA,214,212,NA,214,214,213,216,214,NA,213,216,NA,217,NA,216,220,223,229,228,221,NA,123,42,23,NA,NA,45,49,53,NA,58,NA,67,55,NA,NA,NA,73,78,74,71,79,76,77,79,NA,74,NA,NA,NA,67,75,78,69,69,NA,NA,NA,NA,NA,72,NA,63,65,NA,NA,NA,NA,NA,NA,NA,NA,68,NA,NA,75,NA,NA,NA,NA,68,NA,87,93,96,93,NA,NA,91,NA,NA,NA,NA,76,67,73,NA,NA,NA,NA,77,NA,69,54,NA,NA,46,46,37,NA,47,NA,49,NA,58,58,57,NA,76,NA,85,NA,NA,59,NA,129,NA,160,145,NA,NA,142,NA,NA,NA,131,149,153
NA,NA,202,202,NA,NA,NA,NA,NA,NA,NA,NA,NA,211,NA,213,NA,NA,NA,215,215,NA,218,216,NA,213,NA,214,217,NA,222,226,225,210,171,108,50,NA,25,44,39,47,50,51,82,60,NA,NA,NA,85,NA,68,77,NA,NA,NA,NA,78,74,NA,84,79,NA,NA,NA,87,NA,67,NA,69,NA,59,NA,NA,NA,NA,53,48,45,37,48,59,NA,NA,68,72,61,59,52,54,NA,NA,NA,NA,NA,50,NA,56,NA,39,NA,NA,35,39,42,NA,NA,NA,NA,51,60,NA,68,63,68,67,NA,71,72,80,NA,85,NA,80,71,NA,NA,NA,NA,65,62,78,63,54,NA,70,NA,NA,132,NA,NA,157,161,154,148,151,138,NA,146,147,148,NA,NA,NA,NA
NA,NA,205,NA,NA,210,NA,212,NA,NA,212,212,213,NA,214,NA,216,215,NA,NA,NA,217,NA,217,216,NA,NA,NA,223,216,NA,137,76,NA,NA,NA,NA,25,33,NA,33,NA,38,NA,38,45,NA,60,59,NA,76,83,89,80,85,NA,91,NA,87,NA,88,NA,87,NA,74,NA,74,NA,75,74,59,NA,60,53,NA,NA,69,68,75,78,NA,72,74,62,58,51,NA,NA,NA,NA,52,50,50,NA,47,37,32,NA,NA,31,33,38,NA,37,37,34,38,37,NA,30,32,NA,40,43,38,44,37,43,41,NA,NA,33,32,41,NA,44,NA,NA,62,NA,NA,NA,123,147,NA,167,NA,177,174,NA,NA,171,180,174,169,153,NA,NA,151,NA,NA,160,155,155,NA
204,NA,206,NA,207,NA,NA,212,211,NA,NA,NA,210,209,209,NA,214,NA,NA,NA,NA,218,220,221,221,NA,204,161,NA,NA,8,9,20,22,26,NA,NA,NA,36,NA,NA,44,44,57,66,62,66,NA,NA,NA,NA,68,NA,69,NA,71,NA,82,NA,88,NA,NA,NA,81,NA,76,73,NA,NA,84,NA,NA,93,NA,101,96,NA,86,80,71,NA,47,NA,NA,51,NA,NA,58,44,NA,43,54,50,NA,NA,47,NA,39,NA,39,38,38,33,NA,NA,51,52,63,63,81,NA,NA,101,106,NA,112,NA,126,NA,146,153,NA,160,163,169,178,NA,NA,NA,NA,NA,NA,NA,NA,NA,181,180,NA,156,153,NA,158,151,NA,148,154,NA,NA,NA,NA,NA,186,NA,NA,170
NA,NA,NA,209,210,NA,211,211,213,213,212,213,NA,214,213,NA,216,217,217,NA,NA,NA,221,205,170,134,104,NA,96,NA,NA,NA,NA,55,NA,40,31,NA,24,25,26,25,34,NA,NA,NA,49,62,NA,71,65,74,74,NA,74,NA,NA,70,NA,NA,NA,64,NA,NA,NA,62,61,61,NA,NA,64,NA,NA,NA,44,46,NA,NA,39,NA,35,NA,35,NA,42,38,NA,NA,40,40,NA,NA,27,29,31,NA,48,NA,NA,NA,NA,NA,136,NA,NA,NA,NA,NA,NA,167,170,169,NA,NA,NA,NA,NA,NA,190,NA,186,181,183,NA,179,178,167,163,NA,155,NA,150,NA,138,124,114,NA,99,105,NA,89,80,52,NA,58,NA,106,112,113,NA,172,203,NA,169,NA
NA,NA,NA,NA,NA,NA,212,212,214,215,NA,217,216,216,NA,NA,NA,221,224,NA,172,NA,NA,NA,NA,NA,147,NA,NA,132,128,NA,137,138,141,NA,NA,NA,107,NA,NA,55,NA,39,NA,NA,NA,38,NA,NA,39,NA,52,NA,70,63,NA,NA,NA,75,NA,NA,NA,NA,NA,79,80,NA,54,NA,46,65,NA,NA,NA,NA,NA,45,NA,NA,NA,NA,35,NA,33,35,NA,NA,31,NA,50,NA,NA,114,NA,137,NA,NA,164,NA,171,NA,NA,180,NA,NA,NA,170,NA,NA,NA,187,NA,NA,187,NA,170,NA,154,148,NA,NA,NA,118,NA,116,110,119,NA,132,118,105,71,66,NA,61,54,NA,NA,NA,NA,50,52,NA,NA,48,49,NA,73,64,NA,NA,192,171,173
NA,NA,210,210,206,214,NA,NA,215,NA,NA,216,NA,219,NA,NA,NA,156,NA,68,59,68,NA,NA,100,NA,144,144,144,145,NA,142,NA,140,NA,NA,NA,142,150,NA,154,NA,NA,147,141,NA,NA,NA,NA,NA,53,53,57,NA,56,57,54,NA,NA,62,NA,68,56,NA,NA,63,NA,52,NA,61,51,NA,47,44,45,NA,NA,40,40,NA,41,47,NA,NA,89,83,NA,NA,132,NA,161,165,169,NA,NA,NA,NA,164,162,NA,NA,132,139,NA,137,NA,128,155,NA,162,161,NA,139,136,NA,123,NA,NA,NA,NA,68,75,NA,NA,NA,97,NA,NA,NA,NA,47,NA,58,NA,62,NA,68,NA,NA,NA,NA,58,55,NA,NA,NA,45,NA,NA,NA,38,NA,NA,178,NA
NA,210,209,NA,NA,NA,215,215,NA,NA,NA,NA,212,NA,134,NA,76,NA,NA,84,84,89,NA,NA,NA,NA,122,NA,144,NA,NA,144,145,145,143,NA,144,149,NA,147,158,NA,162,154,153,NA,178,NA,181,175,164,164,153,136,119,112,NA,91,NA,NA,68,58,58,50,44,NA,NA,55,49,51,NA,NA,77,81,NA,83,NA,NA,101,NA,133,148,NA,NA,NA,164,173,NA,179,178,175,170,171,NA,NA,153,153,144,145,NA,NA,157,NA,159,NA,173,NA,NA,117,92,81,70,77,NA,69,NA,NA,83,NA,91,102,NA,83,61,67,NA,48,NA,48,55,46,51,59,51,51,47,40,48,46,NA,65,NA,NA,NA,NA,NA,41,40,38,41,40,54,198,NA,178
NA,210,212,NA,NA,NA,219,NA,NA,197,NA,NA,83,72,NA,NA,NA,NA,NA,94,NA,NA,74,61,74,90,NA,119,NA,NA,NA,NA,142,NA,144,NA,NA,NA,145,141,NA,127,130,NA,130,130,NA,NA,138,NA,NA,NA,159,NA,NA,174,184,NA,183,178,NA,170,NA,NA,164,161,164,NA,159,NA,NA,NA,NA,NA,164,166,172,167,NA,NA,169,NA,173,NA,158,142,148,137,124,125,NA,129,117,131,NA,150,NA,NA,145,NA,139,NA,123,NA,NA,57,48,NA,NA,NA,NA,NA,NA,75,93,101,98,102,NA,78,NA,NA,62,57,62,NA,45,NA,NA,50,59,NA,NA,NA,61,49,55,NA,52,51,NA,51,53,NA,NA,45,NA,NA,46,40,NA,NA,64,212,196
